1003 ;2023-04-26 16:14:40.141933;dscdc ;zcxcxz
1010 ;2023-04-26 16:14:40.141933;yyyyy ;yyyyy
1011 ;2023-04-26 16:15:28.407364;uuuuuuuu ;uuuuuuu
1012 ;2023-04-26 16:18:21.838303;шшшшшшшшшшшшш ;щщщщщщщщщщщщщщщщ
1016 ;2023-04-26 16:21:35.859878;sdfsdcvxz ;mmmmmmmmmmmmm
1014 ;2023-04-26 16:27:16.298176;hfdh ;hg
1019 ;2023-04-26 16:31:06.006818;rrrrrrrr ;rrrrrrrrrr
1020 ;2023-04-26 16:33:48.458809;[[[[[[ ;[[[[[[[
1081;2023-04-27 11:09:24.561662;new title ;дватлваловтплов

1082;2023-04-27 11:17:13.447000;опро ;рпопро
